NS08417847,扬天A6800V,2008-06-03
M902QKG1,圆梦F5050,2016-06-15
M902B814,启天M6500,2016-03-22
M70BZSAC,扬天M6603d,2019-09-06
NS09995420,扬天M4600N,2009-05-17
NS18795204,扬天A6800t B75,2013-01-23
NS08417859,扬天A6800V,2008-06-03
NS11536621,扬天A6800R,2009-09-18
NS08524776,扬天A6800V,2008-06-19
NS12918003,扬天A8000K,2010-08-20
NS08524724,扬天A6800V,2008-06-19
NS08491963,扬天A6800V,2008-06-13
NS08417862,扬天A6800V,2008-06-03
NS18794983,扬天A6800t B75,2013-01-23
NS18794979,扬天A6800t B75,2013-01-23
NS18794852,扬天A6800t B75,2013-01-23
NA16588509,启天M,2011-11-04
BS03616876,扬天A6800K,2015-04-22
NA17285921,启天M,2012-02-08
NS18795208,扬天A6800t B75,2013-01-23
NS18794957,扬天A6800t B75,2013-01-23
NS18794955,扬天A6800t B75,2013-01-23
NA17120289,启天M,2012-01-07
M707QLK0,扬天M6201k,2018-08-27
NS12205551,扬天M6600N,2010-02-05
M902BTYB,启天M4500,2016-03-23
M901JPSR,启天M4550,2015-10-06
P504UVZT,扬天Mc H110,2016-11-05
NS05974576,扬天A8000C,2007-03-03
NA15999388,ThinkCentre M Q65t,2011-08-23
P5076A9H,扬天Td,2018-04-11
M705T5PZ,扬天Td,2018-03-14
M7076JP8,扬天Td,2018-07-16
NA17790780,启天M,2012-04-21
NA17285927,启天M,2012-02-08
M905GFCW,扬天Mk,2017-10-20
P505R3KU,启天B4550,2017-03-25
ES14112634,扬天M4662n,2015-08-19
PB01JN73,TC_E73,2014-04-16
M700Y60A,扬天A6800,2015-11-03
P5085GQ3,扬天Td,2018-10-11
NS12840111,扬天M4680N,2010-07-29
M905TAJB,启天M415,2017-11-21
P508PN23,扬天 T4900v B360,2018-12-25
M7076JPY,扬天Td,2018-07-16
P508PN2T,扬天 T4900v B360,2018-12-25
P504KS7X,扬天A6800f,2016-10-15
P5071D2V,扬天Td,2018-03-13
M9046LJV,启天M4650,2017-05-06
NA15999391,ThinkCentre M Q65t,2011-08-23
NA07614862,开天M,2006-10-14
NA22144959,ThinkCentre M H61t,2014-02-26
NA22144957,ThinkCentre M H61t,2014-02-26
P508V5X6,扬天Td,2019-03-05
M70DVQD7,启天M428,2020-03-03
SS25244731,扬天A6800t B75,2013-01-17
P508QUZK,扬天M4900d,2018-12-27
NS19717445,扬天A6800t B75,2013-07-17
M70BZS4Q,扬天M6603d,2019-09-06
NS20403291,扬天M7100N,2013-11-27
M700Y5Y2,扬天A6800,2015-11-03
P5077Q8T,扬天Td,2018-04-23
NS12951723,扬天A6800K,2010-09-02
NA16477458,启天M,2011-10-22
M7054A1T,扬天Mk,2017-12-06
NS17535031,扬天A6800t B65,2012-06-08
P509XRGQ,扬天M6603d,2019-12-12
M70BZRBL,扬天M6603d,2019-09-06
NS12641470,扬天M2015N,2010-05-26
NS20403194,扬天M7100N,2013-11-27
SA14363152,启天A7100,2012-12-05
M70EGDVM,启天M428,2020-05-10
NS08491939,扬天A6800V,2008-06-13
M70EGDVY,启天M428,2020-05-10
R304XE2E,昭阳K21-80,2017-12-08
M903AT7Y,ThinkServer TS60X,2016-11-24
M905T8Z5,启天M415,2017-11-21
NS12951729,扬天A6800K,2010-09-02
NS12951739,扬天A6800K,2010-09-02
ES07978817,扬天A6800t B65,2011-10-21
M709HFZL,扬天M4900d,2018-12-29
P508UKJN,扬天Td,2019-03-02
SA14363186,启天A7100,2012-12-05
M705WJ7W,启天M415,2018-03-20
P5021LA3,扬天Tc,2015-12-08
NS19717547,扬天A6800t B75,2013-07-17
P5076A9Z,扬天Td,2018-04-11
PB01VJ09,TC_E73,2014-05-06
NA10201959,启天M4889,2008-09-26
NA17104958,启天M,2012-01-06
NS12936559,扬天A8000K,2010-08-26
M902UK7X,扬天A6800f,2016-07-20
P508NWNS,扬天 T4900v B360,2018-12-21
P501Q2SS,扬天M6881c,2015-11-12
NS19645803,扬天A6800t B75,2013-07-02
NS18908040,扬天A6801t,2013-02-06
M902B7WC,启天M6500,2016-03-22
NA16477332,启天M,2011-10-22
NS12936567,扬天A8000K,2010-08-26
P5021LAA,扬天Tc,2015-12-08
NA15371876,启天M7170,2011-06-04
P5021L9C,扬天Tc,2015-12-08
NA16541351,启天M,2011-10-29
PF0FEZNL,Lenovo G50-80,2016-01-15
NS20655424,扬天M2200r H61,2014-01-08
NS20804765,ERAZER T410,2014-02-21
NS15136372,扬天T,2011-07-10
PF0DY959,IdeaPad 300-15ISK,2015-10-27
PF0E1NE2,Lenovo G50-80,2016-01-18
NA15372285,启天M7170,2011-06-04
NS17535075,扬天A6800t B65,2012-06-08
M904KU7J,扬天Td,2017-06-24
M902B7X3,启天M6500,2016-03-22
M902B7XJ,启天M6500,2016-03-22
M902B7VY,启天M6500,2016-03-22
M902B7W8,启天M6500,2016-03-22
NS08469048,扬天A6800V,2008-06-09
M7082RTW,扬天Td,2018-09-15
PC0CCYXS,P500,2016-05-04
M903AUBC,ThinkServer TS60X,2016-11-25
M902B7VZ,启天M6500,2016-03-22
M902B7VJ,启天M6500,2016-03-22
M902B7XL,启天M6500,2016-03-22
M902B7Y7,启天M6500,2016-03-22
M904R78A,扬天Mk,2017-07-24
M902B81M,启天M6500,2016-03-22
NA18490587,启天M,2012-08-07
M705WJ7R,启天M415,2018-03-20
R304PD3F,天逸510Pro-18IKL,2017-11-02
P508PMZC,扬天 T4900v B360,2018-12-25
NS19717542,扬天A6800t B75,2013-07-17
NS19717473,扬天A6800t B75,2013-07-17
M705WJ7T,启天M415,2018-03-20
P5021L9R,扬天Tc,2015-12-08
P5021LA9,扬天Tc,2015-12-08
SA12103647,启天A7000,2011-11-09
NS15505862,扬天A6800t B65,2011-10-21
BS02656774,扬天A6800K,2014-10-09
M905TAKZ,启天M415,2017-11-21
ES05570271,扬天M6650N,2009-11-25
M905TALU,启天M415,2017-11-21
NS12427778,扬天A6800R,2010-04-10
NS15505924,扬天A6800t B65,2011-10-21
P506P7AV,扬天Mk,2017-12-09
NS15505749,扬天A6800t B65,2011-10-21
NS15506290,扬天A6800t B65,2011-10-21
P508SX9L,扬天Td,2019-02-14
P509XRH4,扬天M6603d,2019-12-12
P5076ABW,扬天Td,2018-04-11
R304YEEW,扬天Td,2017-12-12
BS02188186,扬天A6800K,2014-08-05
NS18795196,扬天A6800t B75,2013-01-23
SS05960221,扬天M4600C,2007-01-06
ES03250158,扬天A6800V,2008-08-08
ES09893785,扬天A6800t B65,2012-05-19
NA22144960,ThinkCentre M H61t,2014-02-26
SA14363057,启天A7100,2012-12-05
P508PN00,扬天 T4900v B360,2018-12-25
P5022QJC,扬天M6890c,2015-12-10
NA07190649,开天M,2006-05-17
BS00469542,扬天A6800t B75,2012-11-20
NS20403261,扬天M7100N,2013-11-27
NS15505721,扬天A6800t B65,2011-10-21
NA15999409,ThinkCentre M Q65t,2011-08-23
M705WJ7E,启天M415,2018-03-20
NS12986969,扬天A6800K,2010-09-09
NS14515087,扬天M6880N,2010-12-19
NS20403180,扬天M7100N,2013-11-27
P5034XA9,扬天A6820f,2016-06-03
SS25151145,扬天A6800t B65,2012-12-19
M7054A23,扬天Mk,2017-12-06
BS00469633,扬天A6800t B75,2012-11-20
P5076AAW,扬天Td,2018-04-11
P506P787,扬天Mk,2017-12-09
PC0H83W3,ThinkStation P710,2016-11-29
P504KS26,扬天A6800f,2016-10-15
NS08491943,扬天A6800V,2008-06-13
M902B7WK,启天M6500,2016-03-22
NA22144955,ThinkCentre M H61t,2014-02-26
M70E3CJY,启天M428,2020-03-24
P5021LAF,扬天Tc,2015-12-08
M7082R7G,扬天Td,2018-09-15
M705NL55,启天M415,2018-02-27
NS17534838,扬天A6800t B65,2012-06-08
M70B2S6C,ThinkCentre M910t(LC),2019-06-20
M70BZS6V,扬天M6603d,2019-09-06
P504EQPM,启天M4650,2016-09-28
ES05571092,扬天M6650N,2009-11-25
NS18907865,扬天A6801t,2013-02-06
NS15505692,扬天A6800t B65,2011-10-21
P5033QQ5,扬天M4200f,2016-05-28
M70K90ZJ,启天M435,2021-05-17
M70PM05L,启天M437,2022-03-12
M70LM51V,扬天W4900o,2021-08-21
M70LM5G0,扬天W4900o,2021-08-21
M902B7Y3,启天M6500,2016-03-22
M70J9BZZ,启天M435,
M70GXNZ1,扬天T4900k,2020-11-26
M70LM564,扬天W4900o,2021-08-21
NS17535142,扬天A6800t B65,2012-06-08
M7094BD6,启天M415,2018-12-08
M904KUCH,扬天Td,2017-06-24
M70GXNYF,扬天T4900k,2020-11-26
M70PM042,启天M437,2022-03-12
R304KE2E,扬天Td,2017-10-14
M70NGZZC,扬天M460IRL,2021-12-10
M904KU7Z,扬天Td,2017-06-24
NA15372282,启天M7170,2011-06-04
NS08417878,扬天A6800V,2008-06-03
NS09548166,扬天A8000V,2009-02-20
M70KEEKN,扬天T4900k,2021-05-28
P5021L9Q,扬天Tc,2015-12-08
M70LBV94,扬天T4900k,2021-08-04
M70LBV9G,扬天T4900k,2021-08-04
M70LM4RH,扬天W4900o,2021-08-21
M70LM5K5,扬天W4900o,2021-08-21
M70LM44V,扬天W4900o,2021-08-21
ES09893902,扬天A6800t B65,2012-05-19
P509JAR2,扬天 T4900v B360,2019-09-07
P5085GPD,扬天Td,2018-10-11
M70Q331X,启天M437,2022-04-20
NS17861807,扬天T,2012-08-14
M70Q3323,启天M437,2022-04-20
M70NMB3Q,扬天M460IRL,2021-12-14
M70Q3QK4,启天M437,2022-04-24
P504KS7A,扬天A6800f,2016-10-15
M70FME89,扬天Tv,2020-08-21
M70BZS6C,扬天M6603d,2019-09-06
SS05110302,天骄S1500X,2006-06-26
